objno_deep2,z_pred
12011416,0.0
12023279,0.0
13017399,0.0
12008131,0.0
12003729,0.0
12003313,0.0
11021040,0.0
13020559,0.0
14029818,0.0
13049159,0.0
13026194,0.0
13028427,0.0
13035570,0.0
13018058,0.0
12005533,0.0
12027865,0.0
14028737,0.0
13034892,0.0
13058802,0.0
13034266,0.0
12015933,0.0
13019356,0.0
13043664,0.0
13026703,0.0
14034435,0.0
11045189,0.0
12029430,0.0
12020460,0.0
11051190,0.0
12020226,0.0
13064313,0.0
12029047,0.0
13064464,0.0
14024652,0.0
14012814,0.0
14021539,0.0
13058710,0.0
11027452,0.0
13026761,0.0
13055360,0.0
12024872,0.0
12021021,0.0
11051962,0.0
12027965,0.0
13051672,0.0
11032750,0.0
13055272,0.0
11101473,0.0
11006363,0.0
11034334,0.0
11033434,0.0
14028987,0.0
12004729,0.0
14018493,0.0
13020183,0.0
13010247,0.0
13003917,0.0
12012294,0.0
11051724,0.0
13032491,0.0
12101115,0.0
12028825,0.0
11040256,0.0
14034601,0.0
14023103,0.0
11015202,0.0
14011252,0.0
12028457,0.0
12007663,0.0
14028119,0.0
14007176,0.0
12025109,0.0
14028452,0.0
11013937,0.0
12017074,0.0
14016678,0.0
14033288,0.0
12029045,0.0
13026732,0.0
13027026,0.0
13025375,0.0
13012069,0.0
12007621,0.0
12016619,0.0
12007683,0.0
11045638,0.0
13005509,0.0
13032755,0.0
12003637,0.0
12028626,0.0
12032544,0.0
14017935,0.0
13040732,0.0
11044620,0.0
13034445,0.0
13035996,0.0
11051648,0.0
11046508,0.0
12024336,0.0
13051230,0.0
12009171,0.0
12032532,0.0
11007823,0.0
14011560,0.0
13019862,0.0
13026080,0.0
13035330,0.0
12029226,0.0
12012494,0.0
14018277,0.0
13040940,0.0
13034137,0.0
12023760,0.0
12028365,0.0
11033809,0.0
11045168,0.0
12016592,0.0
11007873,0.0
13063785,0.0
13011113,0.0
14016865,0.0
11045186,0.0
14034659,0.0
12024884,0.0
12015938,0.0
14011284,0.0
11031171,0.0
13010923,0.0
12008251,0.0
13035874,0.0
12012513,0.0
13003434,0.0
14018687,0.0
12005419,0.0
13049865,0.0
12024755,0.0
14006846,0.0
14023227,0.0
11027394,0.0
11033559,0.0
14006887,0.0
12019713,0.0
12019135,0.0
13040908,0.0
13101049,0.0
11047070,0.0
14016263,0.0
13020587,0.0
12012782,0.0
12101118,0.0
13020535,0.0
12028551,0.0
14012641,0.0
13025271,0.0
14006544,0.0
13011059,0.0
13055576,0.0
13025832,0.0
12012068,0.0
13063861,0.0
11052736,0.0
12012433,0.0
14022965,0.0
11046356,0.0
14027841,0.0
11014351,0.0
14034483,0.0
12004443,0.0
12025024,0.0
13010951,0.0
13063832,0.0
12024917,0.0
11051726,0.0
13057557,0.0
14027397,0.0
11044350,0.0
12019902,0.0
11044680,0.0
13027445,0.0
13017202,0.0
12012794,0.0
13027139,0.0
12027358,0.0
11040228,0.0
11050883,0.0
14100756,0.0
14007996,0.0
12023622,0.0
13040065,0.0
12100758,0.0
12007196,0.0
12015118,0.0
13016341,0.0
13056000,0.0
13057505,0.0
13003385,0.0
11051235,0.0
11038382,0.0
12020279,0.0
12025532,0.0
13036413,0.0
14006178,0.0
13034499,0.0
11019069,0.0
14100805,0.0
13100238,0.0
14039621,0.0
12100559,0.0
14007400,0.0
13059034,0.0
12100154,0.0
13019398,0.0
13033760,0.0
12023941,0.0
11050775,0.0
12020615,0.0
11040739,0.0
14017067,0.0
13064937,0.0
13035084,0.0
12009094,0.0
14028799,0.0
11031579,0.0
13055292,0.0
13050924,0.0
13100756,0.0
11014390,0.0
13063155,0.0
13042393,0.0
13018922,0.0
13062953,0.0
13057852,0.0
14039955,0.0
11051653,0.0
11039583,0.0
11020631,0.0
12024894,0.0
12029588,0.0
13051092,0.0
13009933,0.0
13003269,0.0
13101295,0.0
12016787,0.0
14012587,0.0
12024580,0.0
12016281,0.0
11046351,0.0
14029107,0.0
13056983,0.0
13012487,0.0
14035145,0.0
13004837,0.0
13043436,0.0
12016347,0.0
12011961,0.0
14035098,0.0
13036478,0.0
11037772,0.0
13032926,0.0
12015392,0.0
12008827,0.0
13050172,0.0
12020308,0.0
12027772,0.0
13010374,0.0
12003792,0.0
13018943,0.0
12024858,0.0
14016974,0.0
12028140,0.0
12012326,0.0
13063956,0.0
11021273,0.0
11032910,0.0
11026927,0.0
13058766,0.0
11026386,0.0
13040203,0.0
14100370,0.0
12008510,0.0
12011295,0.0
14012797,0.0
12005047,0.0
13009902,0.0
14027189,0.0
13026154,0.0
13004292,0.0
12101094,0.0
11007848,0.0
11047679,0.0
13035903,0.0
13010896,0.0
14006821,0.0
11046473,0.0
13064139,0.0
13024769,0.0
11046267,0.0
12100759,0.0
13042361,0.0
12009037,0.0
12012215,0.0
14100096,0.0
11031303,0.0
13044266,0.0
11044182,0.0
12011668,0.0
13101995,0.0
14028429,0.0
13049825,0.0
13040741,0.0
11038273,0.0
12020063,0.0
11021746,0.0
12017388,0.0
11026382,0.0
12008911,0.0
13063856,0.0
13026542,0.0
11051499,0.0
12011767,0.0
13010099,0.0
12003765,0.0
13041676,0.0
11032358,0.0
13010254,0.0
12025231,0.0
13020230,0.0
14016225,0.0
12007511,0.0
12013238,0.0
12015531,0.0
12012064,0.0
14017982,0.0
14023644,0.0
11039706,0.0
13026112,0.0
13033731,0.0
12016719,0.0
14023468,0.0
12005125,0.0
12019377,0.0
12016150,0.0
12028046,0.0
12012559,0.0
14012963,0.0
11051533,0.0
12009269,0.0
13051539,0.0
12029027,0.0
11039432,0.0
12027695,0.0
12004487,0.0
14039135,0.0
13027790,0.0
13017370,0.0
13011979,0.0
13004693,0.0
13025009,0.0
13033864,0.0
13034747,0.0
13040814,0.0
13033966,0.0
12003869,0.0
13033885,0.0
13009982,0.0
12019800,0.0
11020734,0.0
11021075,0.0
11046514,0.0
14012204,0.0
13057879,0.0
14034224,0.0
13028039,0.0
12003664,0.0
14016307,0.0
13049771,0.0
11051167,0.0
12029472,0.0
11013886,0.0
13036008,0.0
13018682,0.0
13005066,0.0
12020127,0.0
11020588,0.0
13041286,0.0
13100543,0.0
11045209,0.0
14033631,0.0
12027702,0.0
14022469,0.0
13010199,0.0
13016870,0.0
13017686,0.0
13003318,0.0
11014349,0.0
11026450,0.0
13049736,0.0
11021002,0.0
12024928,0.0
13027875,0.0
14034709,0.0
11034271,0.0
13058765,0.0
12018990,0.0
13058693,0.0
12015966,0.0
13033835,0.0
14028474,0.0
12019745,0.0
11015228,0.0
14022899,0.0
12015949,0.0
11027975,0.0
14006713,0.0
13033172,0.0
13051879,0.0
13064904,0.0
13032467,0.0
11041347,0.0
12016731,0.0
13031815,0.0
13048997,0.0
11045934,0.0
12017194,0.0
11039139,0.0
13035927,0.0
11051236,0.0
12020628,0.0
12004687,0.0
12013234,0.0
12015626,0.0
13024029,0.0
14018476,0.0
11012940,0.0
13020619,0.0
11039150,0.0
12008513,0.0
11038561,0.0
14007987,0.0
13026538,0.0
11051984,0.0
12020184,0.0
11052755,0.0
12024828,0.0
11032739,0.0
14002228,0.0
13031821,0.0
11045532,0.0
11007749,0.0
11033882,0.0
13019247,0.0
12024851,0.0
11020606,0.0
11052341,0.0
13013039,0.0
13059316,0.0
14100807,0.0
12028696,0.0
13035862,0.0
12020179,0.0
12011891,0.0
11026403,0.0
11015296,0.0
11033012,0.0
11008311,0.0
13017517,0.0
11039902,0.0
12028731,0.0
13017296,0.0
12028331,0.0
13032515,0.0
12007455,0.0
13056258,0.0
12024932,0.0
11033623,0.0
11050989,0.0
12007472,0.0
13012163,0.0
12015255,0.0
13010625,0.0
12015814,0.0
14100342,0.0
13003388,0.0
13048969,0.0
11046928,0.0
12100036,0.0
12023700,0.0
12008851,0.0
13016662,0.0
13042073,0.0
13003405,0.0
14013108,0.0
14027644,0.0
11041293,0.0
14023724,0.0
13044269,0.0
13024524,0.0
11040834,0.0
11018870,0.0
11007393,0.0
11021220,0.0
11032831,0.0
13056127,0.0
13049747,0.0
12015439,0.0
13032344,0.0
12015507,0.0
13011789,0.0
13049598,0.0
12016362,0.0
13049899,0.0
13026472,0.0
14023658,0.0
13003400,0.0
12024044,0.0
11014382,0.0
11014235,0.0
12008575,0.0
14033484,0.0
11008352,0.0
12025269,0.0
13033105,0.0
12019339,0.0
14022415,0.0
11026982,0.0
14033134,0.0
13011072,0.0
12007424,0.0
13010841,0.0
12015560,0.0
13056079,0.0
11101590,0.0
11039245,0.0
12019186,0.0
14027356,0.0
13058245,0.0
13049570,0.0
13024765,0.0
13032747,0.0
13018541,0.0
12003550,0.0
12027507,0.0
13010561,0.0
11032157,0.0
11051004,0.0
12003986,0.0
11021749,0.0
13051207,0.0
11026460,0.0
13003821,0.0
11052315,0.0
13040189,0.0
11051619,0.0
13059429,0.0
12005453,0.0
12020726,0.0
13063409,0.0
13042383,0.0
14034694,0.0
12020404,0.0
12024843,0.0
12015154,0.0
14028559,0.0
13042347,0.0
14011956,0.0
13058170,0.0
13011794,0.0
13048177,0.0
11021303,0.0
13025646,0.0
14006211,0.0
13010520,0.0
14023283,0.0
14018224,0.0
12011520,0.0
11038979,0.0
12029890,0.0
12016312,0.0
14033265,0.0
12005203,0.0
11002200,0.0
12016351,0.0
14034206,0.0
13040878,0.0
13025520,0.0
13041636,0.0
12019233,0.0
11047477,0.0
13012404,0.0
13059322,0.0
14013732,0.0
14001836,0.0
13010765,0.0
14016642,0.0
13020598,0.0
12024340,0.0
12003490,0.0
13041589,0.0
14011077,0.0
11051906,0.0
14100569,0.0
14028497,0.0
14028048,0.0
12008170,0.0
13047725,0.0
12012414,0.0
11046499,0.0
12004116,0.0
14022382,0.0
12024253,0.0
12007934,0.0
13063321,0.0
13020524,0.0
13026042,0.0
11026861,0.0
13033547,0.0
14005496,0.0
12009337,0.0
12009314,0.0
13043565,0.0
13034634,0.0
11040794,0.0
12024004,0.0
11051273,0.0
12023331,0.0
14021930,0.0
13032193,0.0
14013785,0.0
13035249,0.0
12011561,0.0
12016407,0.0
13010539,0.0
11032667,0.0
13033205,0.0
14012216,0.0
12020903,0.0
11045907,0.0
13003863,0.0
13041633,0.0
14016774,0.0
14017658,0.0
14021938,0.0
13057447,0.0
13027375,0.0
13051176,0.0
11045723,0.0
13101020,0.0
12101421,0.0
13058241,0.0
13027930,0.0
12005326,0.0
13043083,0.0
11037849,0.0
13018986,0.0
12003740,0.0
13009817,0.0
13036568,0.0
12019983,0.0
13025410,0.0
14039983,0.0
13042412,0.0
11032508,0.0
12012065,0.0
13063490,0.0
14024221,0.0
13010991,0.0
11051456,0.0
11020672,0.0
14100566,0.0
13055074,0.0
12017092,0.0
12024409,0.0
12020984,0.0
13058800,0.0
14034152,0.0
13010107,0.0
14012143,0.0
12012170,0.0
12005063,0.0
11021284,0.0
11039610,0.0
11040153,0.0
11045655,0.0
13050238,0.0
13017849,0.0
13009718,0.0
13019294,0.0
13018673,0.0
12021367,0.0
12015681,0.0
13059430,0.0
12012425,0.0
11026246,0.0
13003612,0.0
11013638,0.0
11031881,0.0
11007598,0.0
12012218,0.0
13033207,0.0
12008715,0.0
13059362,0.0
11032332,0.0
13050287,0.0
12004417,0.0
12020728,0.0
13058822,0.0
11034074,0.0
13003141,0.0
11027545,0.0
11047036,0.0
12016993,0.0
13003874,0.0
12012167,0.0
14022769,0.0
14006545,0.0
13042722,0.0
12029182,0.0
12020346,0.0
12024459,0.0
12012031,0.0
14012864,0.0
12019627,0.0
13018616,0.0
12021344,0.0
13010509,0.0
13101170,0.0
12016224,0.0
12010897,0.0
12019476,0.0
12009152,0.0
11040071,0.0
14100329,0.0
14028097,0.0
13033517,0.0
13063753,0.0
13004372,0.0
12027512,0.0
12101131,0.0
14039520,0.0
13063099,0.0
14006168,0.0
13063594,0.0
13033927,0.0
11050699,0.0
11052102,0.0
13012401,0.0
11026682,0.0
14100307,0.0
11031998,0.0
13019070,0.0
14016819,0.0
14017053,0.0
13055236,0.0
13019090,0.0
12024189,0.0
12007868,0.0
14022599,0.0
13050489,0.0
13025471,0.0
14007118,0.0
13003096,0.0
12016968,0.0
12008562,0.0
12012205,0.0
12024956,0.0
12011463,0.0
13043396,0.0
13033209,0.0
14033011,0.0
11034314,0.0
14006783,0.0
13040217,0.0
11027767,0.0
13003731,0.0
13019463,0.0
12016659,0.0
11046444,0.0
13026561,0.0
12008005,0.0
13063584,0.0
11030927,0.0
13012099,0.0
11044540,0.0
14028101,0.0
13012362,0.0
11026038,0.0
11051146,0.0
11052435,0.0
13064457,0.0
12028801,0.0
13003362,0.0
12024822,0.0
11013240,0.0
12020928,0.0
14016435,0.0
13058168,0.0
13049357,0.0
11007845,0.0
13012347,0.0
12007512,0.0
11032123,0.0
11025663,0.0
13058748,0.0
14100108,0.0
11027927,0.0
12027520,0.0
13043501,0.0
12025220,0.0
11047092,0.0
13027485,0.0
13012000,0.0
11028086,0.0
12020913,0.0
11052466,0.0
12016880,0.0
12101293,0.0
13043507,0.0
13036564,0.0
12027454,0.0
11051934,0.0
13042715,0.0
14033660,0.0
13057521,0.0
12025039,0.0
11040763,0.0
12008464,0.0
13025833,0.0
12011955,0.0
13027427,0.0
13027281,0.0
13056628,0.0
11052576,0.0
12020425,0.0
11100374,0.0
11037816,0.0
12023914,0.0
13051183,0.0
13058297,0.0
11052294,0.0
13033104,0.0
11008329,0.0
11021773,0.0
13050474,0.0
11012985,0.0
14007682,0.0
13051869,0.0
13041554,0.0
12025417,0.0
11020482,0.0
12010920,0.0
14027566,0.0
11039881,0.0
13043718,0.0
13033035,0.0
13012392,0.0
13021141,0.0
11044664,0.0
13056822,0.0
13049178,0.0
13050352,0.0
11038571,0.0
14012838,0.0
14018310,0.0
13025674,0.0
12003927,0.0
14023705,0.0
11026348,0.0
12007906,0.0
13010404,0.0
13003595,0.0
11021771,0.0
12021446,0.0
12008622,0.0
14017529,0.0
12012313,0.0
11013893,0.0
13050886,0.0
12011483,0.0
11022326,0.0
12021357,0.0
13049885,0.0
14012084,0.0
11028367,0.0
14021422,0.0
12004864,0.0
14016679,0.0
12019248,0.0
13043720,0.0
13033093,0.0
14007156,0.0
13025995,0.0
14100268,0.0
14028513,0.0
13027630,0.0
13041591,0.0
12011927,0.0
12016524,0.0
12008515,0.0
13040789,0.0
13043535,0.0
12004848,0.0
14012388,0.0
13025443,0.0
13051218,0.0
11034385,0.0
12029293,0.0
11038526,0.0
12028425,0.0
14023101,0.0
11037962,0.0
13019123,0.0
13064852,0.0
13055266,0.0
13048210,0.0
13040136,0.0
11046480,0.0
14007392,0.0
13004268,0.0
13010919,0.0
12025577,0.0
12015980,0.0
12020493,0.0
13033177,0.0
12003894,0.0
13034516,0.0
12027331,0.0
13032433,0.0
13048303,0.0
14027864,0.0
14027414,0.0
13018527,0.0
12021033,0.0
13034655,0.0
14017027,0.0
11044311,0.0
13041658,0.0
12012297,0.0
13051197,0.0
12023343,0.0
12012439,0.0
14017438,0.0
11027000,0.0
13017974,0.0
13064888,0.0
13011931,0.0
12025287,0.0
14022420,0.0
14027309,0.0
12009206,0.0
12012333,0.0
12016585,0.0
13027743,0.0
13050930,0.0
12024014,0.0
13049853,0.0
13009613,0.0
13043393,0.0
11020232,0.0
11052077,0.0
13050348,0.0
13018388,0.0
11051794,0.0
13025574,0.0
12024912,0.0
13010525,0.0
11045551,0.0
13064634,0.0
11025850,0.0
13057425,0.0
12027607,0.0
13027082,0.0
12028272,0.0
14022946,0.0
13056850,0.0
13049221,0.0
11044658,0.0
12008115,0.0
12008130,0.0
13042944,0.0
13024761,0.0
12023686,0.0
13032333,0.0
13011894,0.0
11044961,0.0
14017985,0.0
13051222,0.0
14012303,0.0
12008181,0.0
11020634,0.0
14016667,0.0
14016423,0.0
11021283,0.0
13011635,0.0
14028042,0.0
11021110,0.0
12015853,0.0
13027156,0.0
14022288,0.0
13058235,0.0
13004049,0.0
12003564,0.0
13019144,0.0
13063375,0.0
13049076,0.0
13009864,0.0
13017980,0.0
13042661,0.0
12011708,0.0
11026188,0.0
13057842,0.0
11013278,0.0
13010507,0.0
13017307,0.0
13027296,0.0
12024833,0.0
14006214,0.0
12027928,0.0
14022785,0.0
13056845,0.0
13040682,0.0
13003846,0.0
12008111,0.0
13003513,0.0
12028158,0.0
13035134,0.0
14039519,0.0
12024464,0.0
12020174,0.0
12012387,0.0
13064332,0.0
12024995,0.0
11039110,0.0
13100787,0.0
12013237,0.0
12024904,0.0
11027535,0.0
11046506,0.0
12019628,0.0
13033182,0.0
14007001,0.0
14026940,0.0
13058803,0.0
12024976,0.0
12017440,0.0
13026192,0.0
14012385,0.0
12012284,0.0
13019526,0.0
14007136,0.0
11033307,0.0
14016850,0.0
12015891,0.0
13049168,0.0
13003784,0.0
13058226,0.0
12000814,0.0
12019661,0.0
11019779,0.0
11014209,0.0
11033162,0.0
14029284,0.0
13051086,0.0
11021620,0.0
14005521,0.0
13100318,0.0
12004760,0.0
14038835,0.0
11045244,0.0
11033276,0.0
12004204,0.0
13017237,0.0
11047551,0.0
11044639,0.0
13063488,0.0
12028454,0.0
12100569,0.0
11045834,0.0
13041503,0.0
13048559,0.0
12027874,0.0
12023345,0.0
12009697,0.0
14016841,0.0
13058154,0.0
13057694,0.0
14033797,0.0
14029798,0.0
13033596,0.0
12100924,0.0
13027980,0.0
13033248,0.0
13036010,0.0
13026082,0.0
13043497,0.0
12017078,0.0
12028431,0.0
11025709,0.0
14039805,0.0
12020416,0.0
14022337,0.0
11051996,0.0
12023646,0.0
12020031,0.0
14022270,0.0
12007776,0.0
13027290,0.0
12012349,0.0
11033176,0.0
12018980,0.0
13033754,0.0
12019873,0.0
12024114,0.0
11020707,0.0
11040154,0.0
11045402,0.0
13005268,0.0
13024653,0.0
11038670,0.0
12015594,0.0
13064310,0.0
13043733,0.0
12007529,0.0
12027875,0.0
13017993,0.0
11033173,0.0
14023564,0.0
12021205,0.0
11038304,0.0
12025291,0.0
13035532,0.0
13058547,0.0
11020104,0.0
12028348,0.0
12019517,0.0
14023046,0.0
11025640,0.0
12024199,0.0
12023514,0.0
11046423,0.0
13025807,0.0
13047911,0.0
11043820,0.0
13004520,0.0
12020476,0.0
11044247,0.0
13040852,0.0
14008400,0.0
14012268,0.0
12027970,0.0
11041385,0.0
14039902,0.0
13013001,0.0
13025974,0.0
11041195,0.0
12015657,0.0
11013340,0.0
12004444,0.0
13013014,0.0
14028557,0.0
14029014,0.0
13056635,0.0
14101280,0.0
11026463,0.0
13064306,0.0
13027677,0.0
14033803,0.0
12020008,0.0
13035877,0.0
14002600,0.0
12020896,0.0
12016650,0.0
13026201,0.0
14039133,0.0
14012604,0.0
13009559,0.0
12017117,0.0
12013428,0.0
14018960,0.0
14100336,0.0
13017614,0.0
13017300,0.0
12016754,0.0
13058483,0.0
13059312,0.0
12004233,0.0
14012706,0.0
11033781,0.0
12011899,0.0
14011789,0.0
13033123,0.0
12007448,0.0
12003610,0.0
12029109,0.0
14012371,0.0
11020784,0.0
13058191,0.0
12012526,0.0
12024607,0.0
13036012,0.0
13027149,0.0
13009268,0.0
14002078,0.0
12004801,0.0
12019547,0.0
14013559,0.0
11013234,0.0
11044623,0.0
12020737,0.0
14016962,0.0
14027610,0.0
12028966,0.0
13055063,0.0
13028641,0.0
12028702,0.0
11012894,0.0
13027468,0.0
11022133,0.0
12024210,0.0
12008531,0.0
13051127,0.0
14028890,0.0
13042280,0.0
13039912,0.0
12019772,0.0
12027967,0.0
11021407,0.0
11007865,0.0
13033198,0.0
11027915,0.0
11013688,0.0
13043608,0.0
12007820,0.0
14022856,0.0
11101318,0.0
12021110,0.0
12020708,0.0
13063423,0.0
13042258,0.0
12025565,0.0
11032447,0.0
14012868,0.0
11026732,0.0
12007258,0.0
13035629,0.0
12021032,0.0
12015731,0.0
14016930,0.0
12024611,0.0
13048610,0.0
12011816,0.0
13012994,0.0
13024715,0.0
12004068,0.0
12024293,0.0
12029338,0.0
12028550,0.0
12027423,0.0
12020811,0.0
13018111,0.0
13004323,0.0
14011850,0.0
11007308,0.0
11033342,0.0
13056112,0.0
13040948,0.0
11039792,0.0
13017221,0.0
12025645,0.0
13017915,0.0
13004072,0.0
11044584,0.0
13032340,0.0
13025323,0.0
13016818,0.0
12028193,0.0
13032654,0.0
12024672,0.0
14005902,0.0
11044655,0.0
11027553,0.0
13003010,0.0
12008336,0.0
13056091,0.0
12020434,0.0
12019731,0.0
11052570,0.0
12016427,0.0
12024147,0.0
11051509,0.0
13044265,0.0
11046197,0.0
13025881,0.0
12027518,0.0
13057569,0.0
12024728,0.0
13056826,0.0
13031982,0.0
12012249,0.0
13049555,0.0
14012815,0.0
13049796,0.0
12021468,0.0
12008878,0.0
11014542,0.0
13048525,0.0
11101139,0.0
13040107,0.0
11033345,0.0
13020996,0.0
13002716,0.0
13043478,0.0
11039536,0.0
12004292,0.0
11044897,0.0
11044878,0.0
13005316,0.0
14017491,0.0
12015625,0.0
11101335,0.0
12015482,0.0
11045108,0.0
13020261,0.0
14039648,0.0
14005779,0.0
11051521,0.0
11028276,0.0
13040848,0.0
14006194,0.0
12023246,0.0
11039124,0.0
12028924,0.0
12016665,0.0
11045167,0.0
13012219,0.0
12025403,0.0
13028136,0.0
13035737,0.0
12017430,0.0
13101448,0.0
14016820,0.0
11018918,0.0
11046500,0.0
11039108,0.0
12032006,0.0
12008243,0.0
12008309,0.0
12012355,0.0
13016879,0.0
13004683,0.0
13016171,0.0
13004889,0.0
13023777,0.0
13035195,0.0
14013661,0.0
11014676,0.0
13004316,0.0
12008155,0.0
13028068,0.0
13058479,0.0
11051461,0.0
12023871,0.0
13011101,0.0
14013325,0.0
11041170,0.0
13027839,0.0
14016702,0.0
12020004,0.0
14012738,0.0
13042259,0.0
13004260,0.0
12016962,0.0
14006543,0.0
12019671,0.0
11013287,0.0
13027348,0.0
11052779,0.0
12029480,0.0
11047606,0.0
13017068,0.0
12016325,0.0
12020169,0.0
12100548,0.0
12013181,0.0
12019883,0.0
13028434,0.0
13011737,0.0
12008988,0.0
13033932,0.0
12023772,0.0
11038552,0.0
11019182,0.0
13049214,0.0
11015320,0.0
13003564,0.0
13025483,0.0
14018860,0.0
12003757,0.0
11038492,0.0
13035199,0.0
13010400,0.0
11027446,0.0
12020710,0.0
13018665,0.0
13048455,0.0
12015816,0.0
12004370,0.0
12019868,0.0
14019049,0.0
13049286,0.0
14022939,0.0
14017044,0.0
11044557,0.0
13017836,0.0
14017913,0.0
12025170,0.0
12013224,0.0
11002256,0.0
12028190,0.0
13018045,0.0
11033330,0.0
11032253,0.0
13003319,0.0
13026169,0.0
13025387,0.0
12003862,0.0
13035978,0.0
12012146,0.0
13024482,0.0
12016984,0.0
11038319,0.0
12027794,0.0
14016629,0.0
13101154,0.0
11019461,0.0
13003852,0.0
11046694,0.0
12013180,0.0
11002247,0.0
12007831,0.0
13048411,0.0
13009896,0.0
13032450,0.0
13004302,0.0
11046772,0.0
12009674,0.0
11052009,0.0
11026433,0.0
14006209,0.0
12017276,0.0
11025275,0.0
13012221,0.0
13003214,0.0
12024053,0.0
13012391,0.0
13035231,0.0
13056668,0.0
12007565,0.0
12021352,0.0
12023698,0.0
14017213,0.0
11046438,0.0
11026991,0.0
11040123,0.0
12020315,0.0
12028114,0.0
13035147,0.0
11052027,0.0
12011573,0.0
14028512,0.0
14012020,0.0
12016720,0.0
11047439,0.0
13016659,0.0
11007277,0.0
13004688,0.0
13033029,0.0
11037958,0.0
14029315,0.0
11046498,0.0
13048540,0.0
14038842,0.0
11044199,0.0
12028980,0.0
14028762,0.0
11045441,0.0
11052943,0.0
13010510,0.0
11047464,0.0
14017696,0.0
13011603,0.0
13018886,0.0
12019660,0.0
12016505,0.0
13056832,0.0
12021078,0.0
11021804,0.0
12019194,0.0
13035073,0.0
13010836,0.0
13017846,0.0
11027370,0.0
12019600,0.0
11038945,0.0
13049828,0.0
11014868,0.0
12019943,0.0
12011415,0.0
14012779,0.0
14012340,0.0
12011427,0.0
12017269,0.0
11020047,0.0
13023984,0.0
13026378,0.0
14016592,0.0
12008761,0.0
13005014,0.0
13009961,0.0
13012272,0.0
14022816,0.0
14016791,0.0
14012905,0.0
11002281,0.0
13028041,0.0
13049068,0.0
13101675,0.0
12028618,0.0
12015800,0.0
11026207,0.0
14013253,0.0
12004505,0.0
13100704,0.0
14023328,0.0
13005464,0.0
12013467,0.0
11025306,0.0
11014809,0.0
12004781,0.0
12028593,0.0
14022460,0.0
12015620,0.0
11013065,0.0
12001180,0.0
13059404,0.0
12012441,0.0
14039366,0.0
13004318,0.0
12015942,0.0
12004706,0.0
13019114,0.0
13049728,0.0
11101416,0.0
12011506,0.0
12025133,0.0
13025446,0.0
12017303,0.0
13032684,0.0
13057544,0.0
14013260,0.0
12012019,0.0
11038518,0.0
14008397,0.0
13017002,0.0
11101425,0.0
13012830,0.0
13034454,0.0
13026030,0.0
13010928,0.0
14013086,0.0
12009233,0.0
13032390,0.0
13055472,0.0
11025784,0.0
13040527,0.0
14101234,0.0
12017060,0.0
12011817,0.0
12016986,0.0
11037854,0.0
11027740,0.0
13019736,0.0
13036053,0.0
14017081,0.0
12016667,0.0
13018004,0.0
12024255,0.0
11044281,0.0
13041499,0.0
12028389,0.0
13028116,0.0
13063186,0.0
12027978,0.0
11033744,0.0
12019181,0.0
13016893,0.0
11039428,0.0
14028673,0.0
11033836,0.0
12007162,0.0
13004538,0.0
11052399,0.0
12028439,0.0
11045847,0.0
13041296,0.0
12004410,0.0
13003309,0.0
12004138,0.0
13004232,0.0
13034869,0.0
14018972,0.0
13003265,0.0
12028507,0.0
13051868,0.0
13040149,0.0
11020349,0.0
14022302,0.0
11020226,0.0
13034773,0.0
13003421,0.0
12012116,0.0
12027371,0.0
14028115,0.0
12027504,0.0
11007824,0.0
13009969,0.0
13017390,0.0
13004649,0.0
13051253,0.0
12020388,0.0
12012807,0.0
12023629,0.0
12011861,0.0
13017931,0.0
11047030,0.0
12007439,0.0
13011654,0.0
13042851,0.0
12012390,0.0
11100937,0.0
12004787,0.0
13025787,0.0
13004659,0.0
13034041,0.0
13016570,0.0
11051650,0.0
11013758,0.0
13040208,0.0
11047076,0.0
12100200,0.0
14022925,0.0
13010941,0.0
11046747,0.0
14012600,0.0
13019907,0.0
13033821,0.0
13010291,0.0
13036186,0.0
12019361,0.0
13032792,0.0
13009715,0.0
14018472,0.0
14018168,0.0
12012159,0.0
14028287,0.0
12024380,0.0
12025584,0.0
12007972,0.0
14039131,0.0
13043666,0.0
11045099,0.0
12024773,0.0
13020600,0.0
13063674,0.0
12008898,0.0
14022408,0.0
13031558,0.0
14034462,0.0
14023137,0.0
11038482,0.0
13020615,0.0
13064855,0.0
12028324,0.0
11025407,0.0
14006539,0.0
14018805,0.0
12008597,0.0
12011729,0.0
12020116,0.0
13051113,0.0
12004792,0.0
13041768,0.0
14010726,0.0
13033964,0.0
13002732,0.0
13035234,0.0
13025280,0.0
11052685,0.0
11045988,0.0
12007856,0.0
11100610,0.0
11052331,0.0
13024718,0.0
13021229,0.0
11045681,0.0
13058812,0.0
11052012,0.0
11047600,0.0
12029432,0.0
13064340,0.0
13004913,0.0
14023510,0.0
14017531,0.0
12023689,0.0
11041001,0.0
13012411,0.0
13033662,0.0
11046415,0.0
13010240,0.0
12025476,0.0
12029209,0.0
13048606,0.0
13040870,0.0
13017965,0.0
14022864,0.0
13051825,0.0
11052494,0.0
14017817,0.0
12013082,0.0
14024658,0.0
13040903,0.0
12019697,0.0
14023783,0.0
11032026,0.0
12027910,0.0
13004189,0.0
13027498,0.0
12101297,0.0
11037515,0.0
14024599,0.0
14033814,0.0
14022393,0.0
14028929,0.0
13041561,0.0
14034263,0.0
13024721,0.0
13050576,0.0
11014257,0.0
13026132,0.0
12024815,0.0
12028086,0.0
12025023,0.0
11100983,0.0
12025510,0.0
12003455,0.0
13051052,0.0
11052023,0.0
14100565,0.0
14008656,0.0
12024834,0.0
12012821,0.0
13018524,0.0
13026110,0.0
12020663,0.0
11020203,0.0
12020767,0.0
14016944,0.0
12005363,0.0
14013191,0.0
12015914,0.0
13041175,0.0
11052420,0.0
14012742,0.0
12005148,0.0
13032138,0.0
14006203,0.0
13033959,0.0
13017695,0.0
11021726,0.0
13009856,0.0
12011342,0.0
11101610,0.0
13101627,0.0
11040838,0.0
14016585,0.0
12028791,0.0
12027936,0.0
14022225,0.0
12020354,0.0
12023196,0.0
14028430,0.0
13101043,0.0
13055903,0.0
11101259,0.0
13034969,0.0
13026857,0.0
13044235,0.0
13010303,0.0
13025915,0.0
13024676,0.0
13017301,0.0
13016602,0.0
13049864,0.0
13027932,0.0
13035238,0.0
13016972,0.0
12009144,0.0
13010860,0.0
14034280,0.0
11033862,0.0
12019429,0.0
11041126,0.0
11051594,0.0
13026202,0.0
11034319,0.0
13063112,0.0
12012501,0.0
13033121,0.0
11033297,0.0
12008269,0.0
11047003,0.0
13049222,0.0
13057760,0.0
13003411,0.0
13063194,0.0
13064274,0.0
12025187,0.0
12015920,0.0
14101252,0.0
11026350,0.0
13012291,0.0
13027528,0.0
12009081,0.0
13027460,0.0
12011836,0.0
14039102,0.0
12011990,0.0
12007749,0.0
12100748,0.0
13042237,0.0
13056057,0.0
14100553,0.0
12011621,0.0
11013743,0.0
11020659,0.0
13027938,0.0
13041525,0.0
13024811,0.0
11025822,0.0
11014367,0.0
12015812,0.0
12004350,0.0
13043729,0.0
11044373,0.0
12007526,0.0
11039469,0.0
13017924,0.0
12004646,0.0
12011790,0.0
12009052,0.0
11045756,0.0
11051300,0.0
13010729,0.0
12021463,0.0
11021238,0.0
12023891,0.0
11013961,0.0
14027011,0.0
12012361,0.0
13024669,0.0
13049862,0.0
13050552,0.0
12029414,0.0
11013649,0.0
12019472,0.0
12028754,0.0
13017372,0.0
13033678,0.0
14017963,0.0
13011115,0.0
11052334,0.0
13003756,0.0
13018063,0.0
11044533,0.0
11034292,0.0
14011303,0.0
14017795,0.0
12025457,0.0
13026019,0.0
11034356,0.0
13036129,0.0
11025983,0.0
13012356,0.0
12029378,0.0
13010675,0.0
12032590,0.0
13059462,0.0
13101174,0.0
12019954,0.0
14023173,0.0
13036619,0.0
12015592,0.0
14028619,0.0
12016904,0.0
11006731,0.0
13018296,0.0
12028456,0.0
12012106,0.0
12019715,0.0
13055233,0.0
11026739,0.0
12019921,0.0
14034009,0.0
12029343,0.0
13050398,0.0
13064865,0.0
13033994,0.0
12016959,0.0
13056198,0.0
13018120,0.0
12021093,0.0
12016198,0.0
11033069,0.0
13025741,0.0
14011061,0.0
14026759,0.0
13004590,0.0
13011640,0.0
11039092,0.0
12019904,0.0
13048612,0.0
12028674,0.0
13025131,0.0
12005193,0.0
12005173,0.0
11033892,0.0
12008211,0.0
13003337,0.0
11002207,0.0
13019162,0.0
13026181,0.0
13056911,0.0
13019096,0.0
14028970,0.0
13026827,0.0
12024929,0.0
11013276,0.0
11052702,0.0
13048583,0.0
12013218,0.0
11028591,0.0
13100755,0.0
11041341,0.0
12023651,0.0
12025222,0.0
14007569,0.0
14011260,0.0
11019388,0.0
14012855,0.0
11039736,0.0
13028097,0.0
13051152,0.0
14033256,0.0
13035573,0.0
13063689,0.0
12008997,0.0
12007870,0.0
13055650,0.0
13019185,0.0
13019636,0.0
13050968,0.0
12025188,0.0
12005109,0.0
13020317,0.0
13028761,0.0
14011245,0.0
12007875,0.0
13010649,0.0
12008421,0.0
12013147,0.0
12005182,0.0
13020560,0.0
11018967,0.0
11045057,0.0
12100146,0.0
13026079,0.0
11047628,0.0
14017548,0.0
12015873,0.0
13034352,0.0
13005085,0.0
12029426,0.0
13010528,0.0
14011648,0.0
13024686,0.0
11037681,0.0
11038469,0.0
11032659,0.0
14006813,0.0
11044437,0.0
12024170,0.0
11033314,0.0
13024907,0.0
13027336,0.0
12016780,0.0
11050863,0.0
13020753,0.0
12019834,0.0
13049313,0.0
11033576,0.0
12004492,0.0
12028148,0.0
13011176,0.0
13013054,0.0
11014326,0.0
13043047,0.0
14022902,0.0
11046489,0.0
13036560,0.0
13056012,0.0
11013760,0.0
11033416,0.0
13033481,0.0
12019218,0.0
14018540,0.0
12012413,0.0
13101734,0.0
13035017,0.0
13043084,0.0
12009154,0.0
13018506,0.0
12027802,0.0
11013857,0.0
12025227,0.0
11025265,0.0
11045499,0.0
13017967,0.0
12003338,0.0
12027781,0.0
13020467,0.0
11045855,0.0
12004175,0.0
13032796,0.0
11044018,0.0
14012194,0.0
13041160,0.0
14028550,0.0
12011523,0.0
14011839,0.0
13058752,0.0
14005538,0.0
14012279,0.0
13004702,0.0
12031934,0.0
12004493,0.0
13003192,0.0
12100752,0.0
12007608,0.0
13002959,0.0
12013511,0.0
13043612,0.0
13042810,0.0
11045160,0.0
13020526,0.0
13025237,0.0
13035149,0.0
13034663,0.0
11020881,0.0
12016971,0.0
12019333,0.0
13042162,0.0
13048474,0.0
13042896,0.0
11047021,0.0
13018634,0.0
14017622,0.0
13057432,0.0
12020465,0.0
12009012,0.0
13003326,0.0
12004223,0.0
13005172,0.0
12100760,0.0
13050890,0.0
11021207,0.0
11044361,0.0
12023872,0.0
14007500,0.0
13063198,0.0
12029487,0.0
11047304,0.0
13027450,0.0
13048452,0.0
12011693,0.0
13012088,0.0
14013812,0.0
13019308,0.0
14017744,0.0
14012727,0.0
12015526,0.0
14034187,0.0
12009521,0.0
12029296,0.0
14027302,0.0
13063470,0.0
11050704,0.0
12011719,0.0
11044595,0.0
12024126,0.0
13032311,0.0
11026334,0.0
13051240,0.0
11034097,0.0
12016700,0.0
12027987,0.0
13100781,0.0
12021391,0.0
11015363,0.0
14013220,0.0
13017902,0.0
14034700,0.0
14005667,0.0
12019899,0.0
14011885,0.0
13018695,0.0
11034278,0.0
13005322,0.0
12016793,0.0
12027847,0.0
13035069,0.0
12009034,0.0
13063183,0.0
11046372,0.0
13018604,0.0
13043987,0.0
14028069,0.0
12015167,0.0
13009925,0.0
14012347,0.0
12019393,0.0
11021269,0.0
13033225,0.0
14018019,0.0
13012579,0.0
11038649,0.0
12009454,0.0
14028760,0.0
13004282,0.0
14027104,0.0
12029116,0.0
13032924,0.0
14022359,0.0
12012154,0.0
11038434,0.0
12024806,0.0
13049169,0.0
12008332,0.0
12025616,0.0
13025511,0.0
14100835,0.0
12016603,0.0
12019521,0.0
11051057,0.0
13026668,0.0
11101134,0.0
12016370,0.0
13048604,0.0
13003741,0.0
13056261,0.0
14013554,0.0
11044614,0.0
11051260,0.0
12007255,0.0
13057822,0.0
11039587,0.0
12004674,0.0
13051799,0.0
13011127,0.0
14039585,0.0
14016503,0.0
12009251,0.0
13012958,0.0
12025264,0.0
12005138,0.0
13010357,0.0
13035561,0.0
13033432,0.0
11052229,0.0
12015574,0.0
11039129,0.0
14023432,0.0
14006259,0.0
13036660,0.0
13032160,0.0
13016880,0.0
13043052,0.0
12008317,0.0
13049323,0.0
14022969,0.0
12012627,0.0
12008473,0.0
13003378,0.0
12025210,0.0
12028047,0.0
11045739,0.0
14033292,0.0
11039913,0.0
14011294,0.0
11051266,0.0
13025169,0.0
12023761,0.0
13048597,0.0
12021105,0.0
13059427,0.0
13063830,0.0
12028932,0.0
14101487,0.0
13051213,0.0
13049601,0.0
11044750,0.0
12004146,0.0
12019702,0.0
12015628,0.0
12009486,0.0
13056184,0.0
12028049,0.0
12018979,0.0
13003693,0.0
13027503,0.0
13026503,0.0
12017745,0.0
13051026,0.0
12029040,0.0
13020136,0.0
11013363,0.0
12015904,0.0
13019524,0.0
13042590,0.0
14018415,0.0
13100090,0.0
11020839,0.0
14100978,0.0
11019205,0.0
13026743,0.0
14018495,0.0
12007950,0.0
12003429,0.0
12008201,0.0
12013186,0.0
11032130,0.0
12028360,0.0
13050326,0.0
13018667,0.0
12024005,0.0
12004044,0.0
13032498,0.0
13012334,0.0
14029473,0.0
12003625,0.0
13009812,0.0
12016356,0.0
12016649,0.0
11031315,0.0
12003865,0.0
11040219,0.0
13010430,0.0
13035263,0.0
12005168,0.0
11045656,0.0
13024800,0.0
13100525,0.0
13012406,0.0
13048099,0.0
13048478,0.0
12032736,0.0
13057287,0.0
13025744,0.0
12019633,0.0
13027508,0.0
14017427,0.0
12023713,0.0
12023743,0.0
11014896,0.0
13028050,0.0
11031393,0.0
13005457,0.0
11013856,0.0
12005521,0.0
11045689,0.0
13040909,0.0
13018286,0.0
14021336,0.0
13026843,0.0
11014416,0.0
13027798,0.0
13019314,0.0
13017428,0.0
12003392,0.0
12008720,0.0
14027650,0.0
12011486,0.0
14028548,0.0
12027666,0.0
12011368,0.0
13002718,0.0
14033854,0.0
12004449,0.0
11027563,0.0
14022921,0.0
11007771,0.0
14039127,0.0
12011889,0.0
13050923,0.0
14007522,0.0
12015802,0.0
12017319,0.0
14100518,0.0
13025142,0.0
14028553,0.0
13057791,0.0
14028802,0.0
11026914,0.0
13027941,0.0
12004835,0.0
13003715,0.0
12015970,0.0
14100816,0.0
11100748,0.0
13040205,0.0
11008366,0.0
13101415,0.0
13011214,0.0
13020455,0.0
12015563,0.0
14017405,0.0
14016611,0.0
12021377,0.0
13012371,0.0
12025662,0.0
13017342,0.0
13017380,0.0
13042327,0.0
12029071,0.0
13028523,0.0
12003554,0.0
13048633,0.0
12024870,0.0
13020564,0.0
11032767,0.0
11051187,0.0
12100149,0.0
14022960,0.0
12008582,0.0
12008750,0.0
11033364,0.0
12007641,0.0
14008472,0.0
12007808,0.0
12003831,0.0
13042858,0.0
11034887,0.0
13005442,0.0
11025028,0.0
13017182,0.0
12007993,0.0
13011368,0.0
14007172,0.0
13011189,0.0
13043704,0.0
12025569,0.0
11044047,0.0
13056838,0.0
13024751,0.0
13043761,0.0
13043013,0.0
14034832,0.0
12025527,0.0
12008831,0.0
11013888,0.0
12024028,0.0
12028295,0.0
14006709,0.0
11045899,0.0
12024767,0.0
14033155,0.0
12008186,0.0
12009054,0.0
13010080,0.0
12015544,0.0
11019729,0.0
12028576,0.0
12024067,0.0
12024796,0.0
13035603,0.0
12007668,0.0
14002285,0.0
11039101,0.0
11046352,0.0
11020504,0.0
14006119,0.0
14028083,0.0
12023715,0.0
11044948,0.0
12015165,0.0
13035338,0.0
12025041,0.0
13048886,0.0
13041522,0.0
13005500,0.0
12023991,0.0
13057527,0.0
13011658,0.0
13049069,0.0
13056799,0.0
13033800,0.0
11028507,0.0
12029132,0.0
11100749,0.0
11033255,0.0
13049125,0.0
13034500,0.0
12012781,0.0
13009932,0.0
14017504,0.0
11046121,0.0
12013038,0.0
11101121,0.0
14024096,0.0
12004408,0.0
12004799,0.0
12027647,0.0
13011457,0.0
14033858,0.0
11046262,0.0
12013073,0.0
13026422,0.0
12028026,0.0
12020272,0.0
13003976,0.0
13005406,0.0
13010278,0.0
13058811,0.0
11026281,0.0
11045563,0.0
11040848,0.0
12016025,0.0
13017410,0.0
11046809,0.0
12004788,0.0
12019651,0.0
13032949,0.0
13101219,0.0
13032465,0.0
11019640,0.0
11047201,0.0
11052071,0.0
14027032,0.0
13003834,0.0
13057459,0.0
13058604,0.0
12013343,0.0
13034442,0.0
13039548,0.0
12008681,0.0
12023285,0.0
11039169,0.0
13003694,0.0
12017015,0.0
12029074,0.0
13010843,0.0
12024452,0.0
13056557,0.0
11021760,0.0
14018422,0.0
13048384,0.0
12029337,0.0
12100258,0.0
14039598,0.0
11051343,0.0
13010706,0.0
13003396,0.0
11014591,0.0
14021305,0.0
14013852,0.0
12028878,0.0
12100577,0.0
12004490,0.0
14033766,0.0
11021785,0.0
12027497,0.0
14034319,0.0
14021965,0.0
11051470,0.0
12028804,0.0
11050680,0.0
13032443,0.0
13063573,0.0
13027902,0.0
12025485,0.0
14034672,0.0
13034862,0.0
13026106,0.0
11047490,0.0
13034874,0.0
14006205,0.0
11027903,0.0
13040220,0.0
14101260,0.0
11002292,0.0
12008334,0.0
12008478,0.0
13025968,0.0
12017051,0.0
13017917,0.0
13010327,0.0
13011230,0.0
13056893,0.0
13024494,0.0
12012204,0.0
13035556,0.0
13050594,0.0
11019471,0.0
13011062,0.0
13018173,0.0
13018039,0.0
13010081,0.0
13013013,0.0
11041329,0.0
11033313,0.0
14027496,0.0
13004311,0.0
13059191,0.0
14033927,0.0
13033928,0.0
11025277,0.0
13050232,0.0
11026948,0.0
12015130,0.0
13018683,0.0
12012378,0.0
13011617,0.0
13059469,0.0
13060056,0.0
13028625,0.0
11045261,0.0
11040069,0.0
12012131,0.0
12020219,0.0
14023501,0.0
13051784,0.0
13004914,0.0
13026566,0.0
13018929,0.0
13048465,0.0
13011971,0.0
14023285,0.0
13025912,0.0
13028742,0.0
12027236,0.0
11033356,0.0
13017930,0.0
13009636,0.0
14006647,0.0
13026804,0.0
11026310,0.0
13040230,0.0
11039891,0.0
14012356,0.0
14008386,0.0
11041312,0.0
11038521,0.0
14028527,0.0
11050805,0.0
11020165,0.0
11039661,0.0
14006252,0.0
11038453,0.0
13033904,0.0
14012326,0.0
12020447,0.0
12007525,0.0
11028073,0.0
11037782,0.0
12028981,0.0
12003678,0.0
14034669,0.0
12019436,0.0
12024045,0.0
13049088,0.0
13048616,0.0
13010508,0.0
13042375,0.0
13025514,0.0
14017048,0.0
13043703,0.0
12009177,0.0
12007371,0.0
11013358,0.0
13049851,0.0
13042987,0.0
13010544,0.0
13005173,0.0
12020298,0.0
12024591,0.0
11045095,0.0
13024725,0.0
11027778,0.0
12011728,0.0
12029102,0.0
14028567,0.0
11044481,0.0
13064767,0.0
11032059,0.0
11027714,0.0
11027502,0.0
11050732,0.0
13012329,0.0
11052669,0.0
12024716,0.0
12008658,0.0
12016361,0.0
13019945,0.0
12027557,0.0
12029092,0.0
12003562,0.0
12024047,0.0
14028947,0.0
12008225,0.0
13034651,0.0
13025884,0.0
12024478,0.0
13101699,0.0
11025564,0.0
13064175,0.0
12008805,0.0
14022907,0.0
12011419,0.0
12021440,0.0
12020145,0.0
14012787,0.0
14016825,0.0
12101380,0.0
13034584,0.0
13041642,0.0
13041518,0.0
12100393,0.0
13043019,0.0
13040569,0.0
13035085,0.0
13043588,0.0
12029291,0.0
14019226,0.0
13032757,0.0
13018688,0.0
13024597,0.0
13011771,0.0
12024331,0.0
12004402,0.0
13039948,0.0
13059324,0.0
11032620,0.0
13035739,0.0
13032152,0.0
12029488,0.0
13101038,0.0
14023750,0.0
13035806,0.0
11033328,0.0
11008344,0.0
12004485,0.0
11033298,0.0
13035444,0.0
13040722,0.0
12008126,0.0
11046465,0.0
14039986,0.0
12028238,0.0
12019264,0.0
13012938,0.0
13064756,0.0
13017170,0.0
13040052,0.0
11051500,0.0
12013349,0.0
14029410,0.0
14018792,0.0
14013482,0.0
11014303,0.0
13050207,0.0
12015664,0.0
11019953,0.0
13019152,0.0
12024117,0.0
14029582,0.0
14013626,0.0
12015428,0.0
13034604,0.0
14012165,0.0
14007463,0.0
13058706,0.0
13024828,0.0
11031629,0.0
12017088,0.0
14023357,0.0
14008025,0.0
14012374,0.0
11044564,0.0
12015805,0.0
11045090,0.0
13035908,0.0
11026422,0.0
11019433,0.0
12020124,0.0
13058046,0.0
12004971,0.0
14017886,0.0
14006127,0.0
12029089,0.0
13049605,0.0
13042527,0.0
14006265,0.0
13041681,0.0
13047925,0.0
14026917,0.0
13043682,0.0
13005313,0.0
11013321,0.0
13010287,0.0
13041851,0.0
12008945,0.0
13003855,0.0
13100951,0.0
13020498,0.0
13025209,0.0
11052005,0.0
14029347,0.0
13024401,0.0
11021103,0.0
11046892,0.0
14100863,0.0
12004751,0.0
12012466,0.0
13003387,0.0
11050869,0.0
13011686,0.0
14044225,0.0
13031888,0.0
12015280,0.0
12020613,0.0
11041146,0.0
11027650,0.0
12013198,0.0
13101225,0.0
12017053,0.0
12008772,0.0
14011248,0.0
11032438,0.0
12011456,0.0
11044455,0.0
12015320,0.0
14039660,0.0
13019387,0.0
14018007,0.0
11038194,0.0
12003802,0.0
13012418,0.0
12003853,0.0
14011154,0.0
11007359,0.0
12012733,0.0
13050503,0.0
13032428,0.0
12007823,0.0
13048634,0.0
12004260,0.0
13012101,0.0
13055858,0.0
11031897,0.0
12012670,0.0
13020488,0.0
13026858,0.0
14028501,0.0
11047674,0.0
11015122,0.0
12029048,0.0
14028072,0.0
13003841,0.0
14034220,0.0
12013460,0.0
12024078,0.0
13041920,0.0
13051882,0.0
11032138,0.0
13056013,0.0
14018887,0.0
12019008,0.0
12027559,0.0
13041650,0.0
11034523,0.0
13004055,0.0
13025547,0.0
11026441,0.0
13043388,0.0
12021276,0.0
12028066,0.0
11039137,0.0
12024143,0.0
13032906,0.0
11026990,0.0
12004836,0.0
13033098,0.0
12020392,0.0
13040799,0.0
11034962,0.0
13013059,0.0
14010492,0.0
14029030,0.0
13025534,0.0
12004411,0.0
14022445,0.0
12024764,0.0
14034225,0.0
12012923,0.0
12100966,0.0
12032040,0.0
12020362,0.0
13063226,0.0
12003752,0.0
13033893,0.0
13058061,0.0
11033646,0.0
11051030,0.0
13033045,0.0
12023305,0.0
14023711,0.0
11033370,0.0
12012777,0.0
13017465,0.0
13043232,0.0
12011452,0.0
13002981,0.0
11044469,0.0
14028402,0.0
12011457,0.0
11012871,0.0
13028007,0.0
12024374,0.0
12016057,0.0
13025092,0.0
13033759,0.0
14007627,0.0
11027522,0.0
13056688,0.0
14012781,0.0
13012375,0.0
13012776,0.0
13025458,0.0
14019290,0.0
13035861,0.0
13048618,0.0
11025662,0.0
11013457,0.0
13012651,0.0
13026107,0.0
12029644,0.0
13017979,0.0
12028488,0.0
13009061,0.0
12012829,0.0
12016409,0.0
13042389,0.0
14011822,0.0
11053107,0.0
13010734,0.0
14001833,0.0
12008086,0.0
14016602,0.0
14017891,0.0
12012260,0.0
11052398,0.0
11028068,0.0
11051625,0.0
12027738,0.0
12025473,0.0
11020704,0.0
13043020,0.0
13020084,0.0
14028334,0.0
14011722,0.0
12015987,0.0
11045958,0.0
14006679,0.0
11014287,0.0
13055755,0.0
13012399,0.0
14022761,0.0
11052119,0.0
11032684,0.0
12027842,0.0
13049203,0.0
13036580,0.0
14013810,0.0
13033710,0.0
12025192,0.0
11045080,0.0
11007476,0.0
13064669,0.0
14017084,0.0
12004206,0.0
12012738,0.0
13056821,0.0
13042178,0.0
13034457,0.0
11041380,0.0
12020630,0.0
13049084,0.0
12100169,0.0
13012957,0.0
11028406,0.0
12025640,0.0
12004045,0.0
12019545,0.0
12024395,0.0
14012846,0.0
14101233,0.0
12016850,0.0
12029433,0.0
13044170,0.0
14100104,0.0
13021021,0.0
12100287,0.0
12029083,0.0
11027139,0.0
11040277,0.0
11020030,0.0
11045728,0.0
12029427,0.0
13024649,0.0
13026881,0.0
13043597,0.0
11045058,0.0
14022957,0.0
13044317,0.0
11034204,0.0
13011049,0.0
12009131,0.0
13035184,0.0
12004009,0.0
12023440,0.0
13049812,0.0
12012986,0.0
11025872,0.0
14029285,0.0
14012598,0.0
12008249,0.0
12032642,0.0
12024179,0.0
13018223,0.0
12020894,0.0
13040460,0.0
12100958,0.0
12015564,0.0
13010521,0.0
11027990,0.0
13056168,0.0
13010793,0.0
13056871,0.0
11022304,0.0
13042387,0.0
11045198,0.0
11019702,0.0
13100733,0.0
11040781,0.0
12028020,0.0
11033905,0.0
12101152,0.0
11033441,0.0
11039644,0.0
13034801,0.0
12015324,0.0
12025623,0.0
12012671,0.0
12023920,0.0
13048434,0.0
12019602,0.0
12016250,0.0
12020696,0.0
13012909,0.0
12024021,0.0
12020016,0.0
12020624,0.0
12024048,0.0
11034631,0.0
12020036,0.0
11002024,0.0
11038487,0.0
14018346,0.0
14002472,0.0
13048590,0.0
11032071,0.0
13041515,0.0
13041135,0.0
13017951,0.0
13024262,0.0
13043708,0.0
13035321,0.0
12020816,0.0
11051629,0.0
12019599,0.0
13035912,0.0
13032213,0.0
12008048,0.0
12016097,0.0
11026911,0.0
12005177,0.0
13026706,0.0
12012188,0.0
13032066,0.0
12004300,0.0
13019205,0.0
11040817,0.0
12015860,0.0
12012850,0.0
12024467,0.0
12009174,0.0
13042983,0.0
13063137,0.0
14044226,0.0
12015596,0.0
14012709,0.0
12015997,0.0
13102038,0.0
13024299,0.0
11021170,0.0
13017985,0.0
11033076,0.0
12011592,0.0
13041625,0.0
11013811,0.0
13025454,0.0
13018429,0.0
12021141,0.0
11033043,0.0
12025229,0.0
13056887,0.0
13051908,0.0
14011264,0.0
12019990,0.0
13020436,0.0
11033385,0.0
12019153,0.0
11051130,0.0
13032478,0.0
12004234,0.0
12025642,0.0
13010496,0.0
13005086,0.0
12020582,0.0
13027763,0.0
13059276,0.0
13017171,0.0
12016162,0.0
11045588,0.0
14033700,0.0
11020150,0.0
13013524,0.0
11100411,0.0
13034913,0.0
13058133,0.0
12020744,0.0
11034837,0.0
13011656,0.0
12009276,0.0
13101985,0.0
11035480,0.0
14011651,0.0
14005635,0.0
14100963,0.0
11046771,0.0
12019564,0.0
14008093,0.0
13010546,0.0
14023177,0.0
11014781,0.0
13010364,0.0
11020228,0.0
12029076,0.0
11013366,0.0
12024644,0.0
12027589,0.0
13025944,0.0
11051249,0.0
12020029,0.0
13004181,0.0
14001763,0.0
14013114,0.0
13048454,0.0
13035937,0.0
14028946,0.0
11020243,0.0
12012052,0.0
13049406,0.0
13035164,0.0
14033260,0.0
11014364,0.0
13027197,0.0
12023867,0.0
13032226,0.0
12028101,0.0
11051992,0.0
13064237,0.0
13059411,0.0
12028633,0.0
12020350,0.0
13005395,0.0
14017869,0.0
13018481,0.0
13026059,0.0
12028614,0.0
13024327,0.0
12019042,0.0
12008424,0.0
13026010,0.0
11013914,0.0
14010862,0.0
12016641,0.0
14018592,0.0
12005126,0.0
12003738,0.0
13018389,0.0
13051817,0.0
12028854,0.0
12027703,0.0
11037889,0.0
12025448,0.0
13031606,0.0
13033774,0.0
13018487,0.0
12012669,0.0
12008188,0.0
13051194,0.0
12005745,0.0
12016165,0.0
14012644,0.0
14006356,0.0
13011774,0.0
12016774,0.0
14011825,0.0
12019219,0.0
13042216,0.0
13040177,0.0
11032745,0.0
11101601,0.0
11045881,0.0
11018399,0.0
13033633,0.0
14005568,0.0
11008332,0.0
11101402,0.0
13028630,0.0
12016783,0.0
13019309,0.0
13003665,0.0
11026323,0.0
12025611,0.0
13004083,0.0
13028038,0.0
13002680,0.0
12028175,0.0
12021406,0.0
13012621,0.0
13016047,0.0
12012908,0.0
12019050,0.0
14018811,0.0
12025237,0.0
14007114,0.0
14006161,0.0
11101000,0.0
14027646,0.0
11024939,0.0
12016075,0.0
13058749,0.0
12016047,0.0
11008362,0.0
13019643,0.0
13050376,0.0
14016729,0.0
11021248,0.0
13011601,0.0
13063195,0.0
14011853,0.0
14022866,0.0
14028942,0.0
13018981,0.0
13025203,0.0
13016976,0.0
11019338,0.0
11021120,0.0
13024969,0.0
11051318,0.0
12020842,0.0
13047916,0.0
13026172,0.0
13048456,0.0
14039630,0.0
13043329,0.0
12009386,0.0
13063872,0.0
11053072,0.0
13017983,0.0
13012029,0.0
12029342,0.0
11019507,0.0
14022459,0.0
11040690,0.0
11014432,0.0
13019614,0.0
13033507,0.0
12027368,0.0
12008548,0.0
11045055,0.0
12003814,0.0
13028379,0.0
11038195,0.0
11051849,0.0
14029316,0.0
12020356,0.0
14022680,0.0
12003667,0.0
13048566,0.0
11051133,0.0
11052543,0.0
13063025,0.0
13012846,0.0
13018550,0.0
13004291,0.0
13027933,0.0
11019822,0.0
13035422,0.0
13100282,0.0
13020620,0.0
13056104,0.0
13019217,0.0
12015688,0.0
12017007,0.0
11028136,0.0
12011347,0.0
13051885,0.0
12011226,0.0
13032659,0.0
13065151,0.0
11013060,0.0
12015416,0.0
11051135,0.0
14013153,0.0
12016806,0.0
12007598,0.0
13042616,0.0
13033962,0.0
13017339,0.0
14010854,0.0
13049619,0.0
13050984,0.0
12012169,0.0
14011723,0.0
14014083,0.0
14100379,0.0
13026128,0.0
11026452,0.0
12007606,0.0
11040772,0.0
13012963,0.0
12003990,0.0
11045221,0.0
14018066,0.0
13032460,0.0
11044553,0.0
13018424,0.0
13004265,0.0
11040653,0.0
13025488,0.0
14013147,0.0
13043555,0.0
12024662,0.0
13011213,0.0
13018012,0.0
11050735,0.0
13042378,0.0
13017851,0.0
13025733,0.0
11039254,0.0
12015649,0.0
13004223,0.0
13009276,0.0
14011412,0.0
13018600,0.0
12015983,0.0
13042309,0.0
12016382,0.0
11020619,0.0
11019146,0.0
11007754,0.0
12100029,0.0
14021986,0.0
12013446,0.0
12004763,0.0
11013900,0.0
13101878,0.0
13010297,0.0
14101007,0.0
14018440,0.0
12004441,0.0
12011622,0.0
13024727,0.0
14011136,0.0
14028150,0.0
11026751,0.0
11040025,0.0
13036550,0.0
14007355,0.0
14032650,0.0
11025178,0.0
14016583,0.0
12013211,0.0
14039502,0.0
13019975,0.0
13057956,0.0
12015364,0.0
13064843,0.0
12013021,0.0
14029122,0.0
14011175,0.0
13012419,0.0
11044972,0.0
13040842,0.0
13017229,0.0
12003817,0.0
13056058,0.0
13004104,0.0
13058119,0.0
14017093,0.0
13019047,0.0
14018061,0.0
14018456,0.0
12025204,0.0
12025908,0.0
13021235,0.0
12007878,0.0
13034464,0.0
13020536,0.0
12008210,0.0
12016318,0.0
14034710,0.0
13041461,0.0
14018319,0.0
11046512,0.0
12027415,0.0
13011116,0.0
12016826,0.0
14028018,0.0
13035333,0.0
14022240,0.0
12028956,0.0
13011171,0.0
13011094,0.0
13062927,0.0
13027510,0.0
13009465,0.0
12008743,0.0
12011124,0.0
11008303,0.0
13026577,0.0
13028581,0.0
14006717,0.0
12013472,0.0
13035941,0.0
14013577,0.0
13010900,0.0
12016167,0.0
11013217,0.0
13056823,0.0
12004568,0.0
13040209,0.0
14101541,0.0
13055504,0.0
13028105,0.0
13019790,0.0
13027514,0.0
14007539,0.0
13048573,0.0
11101174,0.0
13009721,0.0
13058805,0.0
11045092,0.0
12008807,0.0
12016928,0.0
13102010,0.0
13056716,0.0
12003856,0.0
14033172,0.0
13004609,0.0
14023375,0.0
13024646,0.0
14018106,0.0
12100971,0.0
11034316,0.0
13003432,0.0
13009724,0.0
12017286,0.0
14028181,0.0
13040515,0.0
12024677,0.0
14029001,0.0
11013389,0.0
12028356,0.0
13025383,0.0
14012711,0.0
12019887,0.0
12015310,0.0
13044297,0.0
11015222,0.0
13040634,0.0
11043877,0.0
12004177,0.0
12100933,0.0
11033577,0.0
11045649,0.0
14039545,0.0
11021670,0.0
13026470,0.0
12017417,0.0
12019805,0.0
14021937,0.0
12011823,0.0
11050830,0.0
13064781,0.0
14013258,0.0
12028649,0.0
12025604,0.0
13004748,0.0
13042046,0.0
11033855,0.0
13003431,0.0
14022322,0.0
12011565,0.0
13004135,0.0
12021039,0.0
11044900,0.0
14011188,0.0
11019195,0.0
13011177,0.0
11006484,0.0
11051401,0.0
13011165,0.0
12024727,0.0
12012811,0.0
13057566,0.0
13017243,0.0
13027391,0.0
14024649,0.0
12028011,0.0
11050848,0.0
14006148,0.0
12100914,0.0
11033839,0.0
13059123,0.0
14013713,0.0
11014276,0.0
11025794,0.0
14021785,0.0
11008110,0.0
13035128,0.0
13019986,0.0
11038339,0.0
11021783,0.0
13009448,0.0
12013128,0.0
13017389,0.0
12020949,0.0
13011103,0.0
12024346,0.0
11051162,0.0
11047418,0.0
13017347,0.0
14017077,0.0
11033900,0.0
11100966,0.0
13002831,0.0
11007811,0.0
13058707,0.0
12019672,0.0
12008849,0.0
13019877,0.0
11044633,0.0
13018372,0.0
14011285,0.0
13033910,0.0
13050535,0.0
12015889,0.0
11040225,0.0
12012436,0.0
11028611,0.0
12008117,0.0
12023608,0.0
13034693,0.0
13057617,0.0
13024633,0.0
13019782,0.0
13042954,0.0
13040723,0.0
11014814,0.0
14039307,0.0
14023053,0.0
13033014,0.0
13017937,0.0
11040832,0.0
13034812,0.0
13035243,0.0
13041373,0.0
13034596,0.0
11014372,0.0
12025236,0.0
11051526,0.0
12011910,0.0
13026607,0.0
14023346,0.0
11031463,0.0
12017252,0.0
13041836,0.0
14023326,0.0
11013226,0.0
13043023,0.0
12019119,0.0
13018068,0.0
11021737,0.0
12004406,0.0
12009042,0.0
13003489,0.0
13024760,0.0
11101263,0.0
14033266,0.0
11025710,0.0
12023747,0.0
13011960,0.0
13003418,0.0
14024594,0.0
11032633,0.0
11046823,0.0
13100496,0.0
13039890,0.0
13025469,0.0
12019469,0.0
13057500,0.0
12004178,0.0
13017219,0.0
13004220,0.0
14033830,0.0
13024741,0.0
13024936,0.0
13064305,0.0
12015584,0.0
11032806,0.0
12007361,0.0
13004198,0.0
12005170,0.0
11044724,0.0
13033832,0.0
12025415,0.0
12011819,0.0
12016360,0.0
12020505,0.0
13020551,0.0
11019768,0.0
14006031,0.0
11040230,0.0
11052766,0.0
11021604,0.0
12008830,0.0
12016352,0.0
11052021,0.0
13043012,0.0
12003582,0.0
11021655,0.0
13027438,0.0
13026702,0.0
12024507,0.0
11052689,0.0
13058625,0.0
12016390,0.0
11019748,0.0
14021935,0.0
12004611,0.0
14021836,0.0
12011503,0.0
12023990,0.0
13003336,0.0
13019696,0.0
12008187,0.0
11045753,0.0
14039056,0.0
13044216,0.0
12012612,0.0
11041324,0.0
14012553,0.0
12019382,0.0
11027425,0.0
12008933,0.0
12100324,0.0
12007628,0.0
13101265,0.0
12021438,0.0
12025001,0.0
11045672,0.0
13020517,0.0
13017363,0.0
14028144,0.0
13034618,0.0
13101996,0.0
14033041,0.0
14034288,0.0
13101155,0.0
14100540,0.0
13034831,0.0
13010480,0.0
13064130,0.0
13017125,0.0
13025427,0.0
14016989,0.0
13050588,0.0
11027847,0.0
14035190,0.0
12008929,0.0
14100612,0.0
11040107,0.0
13005497,0.0
12013525,0.0
13009259,0.0
12029077,0.0
14033840,0.0
11052641,0.0
13036403,0.0
11007868,0.0
11047609,0.0
11100604,0.0
12004966,0.0
11047075,0.0
11034230,0.0
13043055,0.0
12020946,0.0
12008207,0.0
12004783,0.0
11040007,0.0
14007353,0.0
11038997,0.0
13024511,0.0
14100998,0.0
12016119,0.0
14017493,0.0
13025515,0.0
13026782,0.0
12015485,0.0
11044343,0.0
13020374,0.0
14029368,0.0
13056061,0.0
14006737,0.0
13019992,0.0
13057338,0.0
13012268,0.0
12016552,0.0
11034350,0.0
14029210,0.0
11044340,0.0
14033623,0.0
12007914,0.0
14019347,0.0
13040638,0.0
14016842,0.0
14011985,0.0
14016657,0.0
13004993,0.0
14100787,0.0
12025629,0.0
13024970,0.0
12023748,0.0
13019729,0.0
12015276,0.0
13043746,0.0
12017118,0.0
13012179,0.0
14023327,0.0
11039157,0.0
12100437,0.0
12004165,0.0
13009799,0.0
12015470,0.0
13003830,0.0
14016268,0.0
11025841,0.0
12025132,0.0
11020598,0.0
13057430,0.0
13056934,0.0
13031725,0.0
11015341,0.0
12004139,0.0
13026003,0.0
12007575,0.0
11013290,0.0
14028483,0.0
12024751,0.0
14028941,0.0
13026787,0.0
13056906,0.0
12012244,0.0
12029038,0.0
13011786,0.0
12009263,0.0
12025032,0.0
14010828,0.0
12019695,0.0
11044036,0.0
13043691,0.0
12021004,0.0
12027746,0.0
14013211,0.0
13041572,0.0
12016388,0.0
12020375,0.0
13010953,0.0
12015999,0.0
12004790,0.0
14013316,0.0
11051633,0.0
13058189,0.0
13004732,0.0
12011775,0.0
11047302,0.0
12007757,0.0
14022642,0.0
11034765,0.0
13039998,0.0
13020544,0.0
13009854,0.0
11040726,0.0
14022010,0.0
14007565,0.0
11027040,0.0
12008520,0.0
11007266,0.0
13049724,0.0
11047045,0.0
13033008,0.0
13025290,0.0
14012102,0.0
11047058,0.0
14029349,0.0
11044631,0.0
12020230,0.0
12023330,0.0
12028669,0.0
12016467,0.0
11034313,0.0
14011872,0.0
12021199,0.0
13012864,0.0
14028677,0.0
11020161,0.0
13034904,0.0
11101579,0.0
11025720,0.0
11032736,0.0
13043400,0.0
12015835,0.0
12008456,0.0
13004522,0.0
13059007,0.0
11013858,0.0
14011289,0.0
13010627,0.0
12007449,0.0
12008603,0.0
13041457,0.0
13051050,0.0
11033260,0.0
13034519,0.0
13034443,0.0
13025699,0.0
14011741,0.0
13025048,0.0
12009280,0.0
13050310,0.0
12028177,0.0
14023454,0.0
12007729,0.0
12023905,0.0
13034963,0.0
14100614,0.0
11044511,0.0
11013236,0.0
13026578,0.0
14033661,0.0
13019303,0.0
11051978,0.0
13003783,0.0
11028029,0.0
13017336,0.0
11033779,0.0
13057749,0.0
13034629,0.0
13004320,0.0
13004103,0.0
12023753,0.0
13024743,0.0
14017206,0.0
14006711,0.0
11051563,0.0
11020273,0.0
13027621,0.0
13051087,0.0
13035252,0.0
14023726,0.0
13026228,0.0
13016918,0.0
11041352,0.0
14039088,0.0
11050787,0.0
11101105,0.0
12100949,0.0
12021083,0.0
12019815,0.0
13041944,0.0
14012460,0.0
13051772,0.0
13017135,0.0
13034601,0.0
11033830,0.0
13040176,0.0
12008326,0.0
12023825,0.0
12028773,0.0
11041081,0.0
13033262,0.0
13004315,0.0
11020727,0.0
12023600,0.0
13017355,0.0
13019256,0.0
13059396,0.0
13016239,0.0
12100417,0.0
13012904,0.0
12007920,0.0
14033812,0.0
12004474,0.0
11033372,0.0
13012126,0.0
12005123,0.0
12020727,0.0
14007137,0.0
11100802,0.0
13034113,0.0
11051201,0.0
12005456,0.0
14023234,0.0
14012894,0.0
12025094,0.0
14011759,0.0
12028393,0.0
11014901,0.0
11045205,0.0
12028639,0.0
12019709,0.0
14019342,0.0
13012352,0.0
11007332,0.0
11025749,0.0
12101390,0.0
12024479,0.0
12003536,0.0
13020095,0.0
13026795,0.0
11052394,0.0
13034624,0.0
13040082,0.0
13012383,0.0
11051545,0.0
12029377,0.0
12021080,0.0
11045071,0.0
13044163,0.0
14026711,0.0
14101264,0.0
11045549,0.0
12019543,0.0
14028554,0.0
13051437,0.0
11007034,0.0
13024003,0.0
11041315,0.0
11006771,0.0
14022928,0.0
12029411,0.0
11101160,0.0
13041530,0.0
13048516,0.0
12019424,0.0
12020045,0.0
11021666,0.0
12005447,0.0
11034769,0.0
14027545,0.0
13043068,0.0
12008533,0.0
13050450,0.0
14023661,0.0
13035086,0.0
12100525,0.0
14033536,0.0
11040856,0.0
12027932,0.0
13002872,0.0
12017000,0.0
13064530,0.0
12028985,0.0
12028019,0.0
14035181,0.0
13065177,0.0
11044863,0.0
11052033,0.0
13035943,0.0
14023291,0.0
13020527,0.0
13019861,0.0
11045409,0.0
13051079,0.0
12013503,0.0
11051163,0.0
13041621,0.0
14034665,0.0
13063591,0.0
14043854,0.0
12011846,0.0
13050655,0.0
12011513,0.0
11032900,0.0
14022011,0.0
12005110,0.0
12020697,0.0
14029541,0.0
12013547,0.0
14023045,0.0
11014883,0.0
13010543,0.0
13033830,0.0
12100280,0.0
11014108,0.0
11024931,0.0
12007912,0.0
11039061,0.0
11015247,0.0
13035052,0.0
11052625,0.0
11100202,0.0
13004254,0.0
13005332,0.0
13011184,0.0
13043034,0.0
14022237,0.0
13017987,0.0
11051580,0.0
14028073,0.0
14028855,0.0
14034607,0.0
12015887,0.0
14007054,0.0
14028832,0.0
14034297,0.0
12016329,0.0
13011526,0.0
12021101,0.0
14017719,0.0
11037887,0.0
13063478,0.0
12019604,0.0
11033178,0.0
12008653,0.0
13004608,0.0
13043167,0.0
13005496,0.0
13009543,0.0
14006992,0.0
12024196,0.0
14023741,0.0
13101067,0.0
14100499,0.0
12028467,0.0
12027597,0.0
12029471,0.0
14101010,0.0
12017058,0.0
11027054,0.0
13035207,0.0
12019919,0.0
12013241,0.0
12015635,0.0
12015967,0.0
13026391,0.0
11013585,0.0
12011933,0.0
12020424,0.0
11040179,0.0
13010464,0.0
13009796,0.0
14012289,0.0
11033292,0.0
13017955,0.0
12023687,0.0
13025463,0.0
12003965,0.0
14018756,0.0
12008826,0.0
13050852,0.0
11052446,0.0
11045662,0.0
13010817,0.0
13049807,0.0
11014133,0.0
13063157,0.0
11047491,0.0
13032803,0.0
14007945,0.0
12003737,0.0
12021312,0.0
13057487,0.0
13035615,0.0
12029106,0.0
13040601,0.0
14016074,0.0
13064327,0.0
12100420,0.0
12028544,0.0
12009047,0.0
11026598,0.0
13036013,0.0
13012416,0.0
14012163,0.0
13042370,0.0
14100646,0.0
14027038,0.0
12027459,0.0
11033221,0.0
12019502,0.0
13019225,0.0
12025025,0.0
14022962,0.0
11045619,0.0
12028299,0.0
12021047,0.0
12024386,0.0
13035870,0.0
12019646,0.0
11026276,0.0
14033847,0.0
13017285,0.0
13049844,0.0
12015444,0.0
11045716,0.0
13018333,0.0
12015593,0.0
11045031,0.0
11028075,0.0
11040285,0.0
14100261,0.0
12015548,0.0
13041809,0.0
14007091,0.0
11039698,0.0
12015024,0.0
13100736,0.0
12019571,0.0
13056251,0.0
14008382,0.0
13056835,0.0
13051796,0.0
13011152,0.0
11007781,0.0
14021961,0.0
14022356,0.0
12008621,0.0
12028986,0.0
13018648,0.0
12004391,0.0
11101172,0.0
12016853,0.0
14026915,0.0
12029386,0.0
11028049,0.0
13049586,0.0
13003802,0.0
12100598,0.0
14017419,0.0
13057354,0.0
13032469,0.0
12008558,0.0
13012290,0.0
12100304,0.0
13044107,0.0
13035277,0.0
13032322,0.0
12023344,0.0
14008423,0.0
13028622,0.0
14039646,0.0
13017218,0.0
14005636,0.0
13032938,0.0
13050617,0.0
12007462,0.0
13100697,0.0
14029829,0.0
13025170,0.0
13004735,0.0
12016691,0.0
12019450,0.0
13035775,0.0
12025488,0.0
11039617,0.0
11033353,0.0
12008844,0.0
12020038,0.0
14013282,0.0
13034622,0.0
14012728,0.0
14006681,0.0
11044379,0.0
13010477,0.0
13043717,0.0
13012368,0.0
13017181,0.0
12011912,0.0
12024844,0.0
13036593,0.0
11051123,0.0
13049875,0.0
12101166,0.0
13012973,0.0
13003566,0.0
13028008,0.0
12021024,0.0
11027928,0.0
11014805,0.0
14027501,0.0
12005549,0.0
11038647,0.0
11033824,0.0
14101248,0.0
14012324,0.0
12028661,0.0
13050331,0.0
12015765,0.0
13018875,0.0
11051074,0.0
14013763,0.0
11019067,0.0
12019380,0.0
11020771,0.0
13009951,0.0
13010258,0.0
11045710,0.0
14012022,0.0
12025788,0.0
12008905,0.0
11039105,0.0
13035251,0.0
14028085,0.0
12025418,0.0
12027356,0.0
13004601,0.0
12013393,0.0
13042070,0.0
14019041,0.0
13049147,0.0
12004029,0.0
13042300,0.0
12003671,0.0
11050792,0.0
13020375,0.0
13026886,0.0
12020324,0.0
11027270,0.0
12007583,0.0
12020798,0.0
12017441,0.0
13026185,0.0
14022564,0.0
12004759,0.0
11041377,0.0
14022777,0.0
11019675,0.0
13026820,0.0
11014346,0.0
12012934,0.0
13008961,0.0
11013323,0.0
14016300,0.0
14023704,0.0
14013707,0.0
13026459,0.0
11038525,0.0
11032740,0.0
13033929,0.0
13049861,0.0
13044063,0.0
14018457,0.0
12013199,0.0
11045486,0.0
12101370,0.0
13034650,0.0
12007970,0.0
13028093,0.0
11046258,0.0
11032119,0.0
14032729,0.0
13027440,0.0
13018477,0.0
11052546,0.0
12005595,0.0
13010197,0.0
13039960,0.0
13051927,0.0
11051206,0.0
12016373,0.0
14034520,0.0
11027702,0.0
14028542,0.0
13041629,0.0
12023980,0.0
13059467,0.0
11002218,0.0
11019070,0.0
12011951,0.0
11053151,0.0
11015190,0.0
12004738,0.0
13064086,0.0
13025089,0.0
13033061,0.0
14101071,0.0
14027658,0.0
13033022,0.0
12000840,0.0
11047288,0.0
13024813,0.0
12013534,0.0
11040129,0.0
13040031,0.0
13019597,0.0
13009547,0.0
13027329,0.0
14011327,0.0
12004145,0.0
13041422,0.0
14100972,0.0
11045081,0.0
11044649,0.0
14016617,0.0
14034389,0.0
13043368,0.0
12016740,0.0
11046355,0.0
13064632,0.0
12025511,0.0
13004627,0.0
11007297,0.0
12028686,0.0
13043634,0.0
11037452,0.0
12025637,0.0
12018855,0.0
13057208,0.0
12007508,0.0
14012607,0.0
11021768,0.0
14018582,0.0
13036675,0.0
11027576,0.0
14028982,0.0
13019786,0.0
14017834,0.0
13039549,0.0
12027979,0.0
13051890,0.0
12015298,0.0
12025571,0.0
12020049,0.0
14006016,0.0
11027084,0.0
14012351,0.0
13017841,0.0
13064321,0.0
11040764,0.0
14012693,0.0
13056598,0.0
11040683,0.0
12023802,0.0
13024700,0.0
11026856,0.0
13027707,0.0
12003837,0.0
13042884,0.0
11025655,0.0
11034944,0.0
14027745,0.0
12012563,0.0
13102000,0.0
13042690,0.0
13011773,0.0
13034914,0.0
13028066,0.0
13033281,0.0
14007797,0.0
11101144,0.0
13056712,0.0
13027359,0.0
12011844,0.0
14021964,0.0
13020158,0.0
13028529,0.0
12025304,0.0
12019454,0.0
11040734,0.0
13040773,0.0
12028305,0.0
12011605,0.0
11019939,0.0
11034417,0.0
13010717,0.0
13063474,0.0
14033325,0.0
14007506,0.0
12008544,0.0
13048226,0.0
11032171,0.0
14006645,0.0
14034758,0.0
11052762,0.0
11044261,0.0
14017835,0.0
11008235,0.0
11026243,0.0
11032185,0.0
12027966,0.0
14007593,0.0
12005214,0.0
14035078,0.0
13019585,0.0
12027958,0.0
13057993,0.0
13012241,0.0
11019174,0.0
14034714,0.0
14021629,0.0
13102013,0.0
12017067,0.0
12008082,0.0
11031737,0.0
13027268,0.0
14007919,0.0
13040425,0.0
12028483,0.0
12015208,0.0
11051990,0.0
13042264,0.0
12023310,0.0
13026173,0.0
12007461,0.0
14034398,0.0
14039132,0.0
12015963,0.0
11025774,0.0
13058243,0.0
13035959,0.0
14012548,0.0
14027215,0.0
13039602,0.0
12011882,0.0
13050461,0.0
11033667,0.0
14027466,0.0
13063576,0.0
13049877,0.0
11027848,0.0
12028330,0.0
14018950,0.0
13063958,0.0
12013212,0.0
12027974,0.0
14007014,0.0
13009491,0.0
13056098,0.0
13047791,0.0
14006174,0.0
13033217,0.0
13024838,0.0
13017991,0.0
12027602,0.0
11045361,0.0
13018046,0.0
14006651,0.0
13035980,0.0
13049784,0.0
13004227,0.0
13011409,0.0
14022776,0.0
12008652,0.0
11013185,0.0
13051031,0.0
11040200,0.0
13026491,0.0
14012033,0.0
12011674,0.0
13101635,0.0
12011827,0.0
11027762,0.0
13018556,0.0
13031798,0.0
13035218,0.0
14028980,0.0
13011831,0.0
13033889,0.0
13027965,0.0
12023421,0.0
11044345,0.0
14012370,0.0
12011480,0.0
11046290,0.0
14023341,0.0
11021175,0.0
12005081,0.0
12029886,0.0
13041622,0.0
13033153,0.0
13049092,0.0
11052299,0.0
13017550,0.0
13056847,0.0
12019047,0.0
13058814,0.0
12020050,0.0
13040963,0.0
12025663,0.0
13032431,0.0
14017033,0.0
11018136,0.0
12012856,0.0
11052000,0.0
13019171,0.0
12013071,0.0
12011447,0.0
14013281,0.0
12025475,0.0
13051130,0.0
13101025,0.0
12015530,0.0
13042266,0.0
13005179,0.0
13012511,0.0
13048754,0.0
12029049,0.0
13011280,0.0
12023771,0.0
13042262,0.0
12012773,0.0
11051188,0.0
13034390,0.0
12008212,0.0
11045255,0.0
11020653,0.0
14013683,0.0
12021113,0.0
12009217,0.0
14013349,0.0
13050949,0.0
14012673,0.0
12012813,0.0
12019054,0.0
13051014,0.0
14018913,0.0
12016111,0.0
13040146,0.0
14021941,0.0
12015685,0.0
12008204,0.0
11007167,0.0
11047082,0.0
13050604,0.0
11100629,0.0
13027779,0.0
13032584,0.0
13059261,0.0
13049879,0.0
13034285,0.0
12016021,0.0
13026016,0.0
13018018,0.0
13011004,0.0
14024026,0.0
13042181,0.0
12009163,0.0
13042229,0.0
13017369,0.0
14023332,0.0
13050616,0.0
13036325,0.0
12019113,0.0
11045251,0.0
13056185,0.0
13002626,0.0
11046580,0.0
12016369,0.0
13057051,0.0
11033799,0.0
14012889,0.0
12008171,0.0
12027424,0.0
12027706,0.0
14040532,0.0
13049208,0.0
13017358,0.0
12023983,0.0
13050974,0.0
11052964,0.0
13055873,0.0
12011911,0.0
11026421,0.0
13041590,0.0
12007564,0.0
12016117,0.0
12024024,0.0
13058247,0.0
12008195,0.0
11040804,0.0
14018060,0.0
11014783,0.0
13019179,0.0
11021057,0.0
13010499,0.0
13041540,0.0
14018751,0.0
13025314,0.0
14018321,0.0
13100746,0.0
12028256,0.0
13018044,0.0
13056265,0.0
11033186,0.0
13020308,0.0
14007622,0.0
13100956,0.0
12021017,0.0
13101705,0.0
13100470,0.0
13033884,0.0
14033767,0.0
12009170,0.0
13042886,0.0
14008403,0.0
12020545,0.0
14016630,0.0
11019744,0.0
12017450,0.0
13036653,0.0
13101175,0.0
13012742,0.0
13042847,0.0
12100268,0.0
14018748,0.0
11039034,0.0
14034498,0.0
11045872,0.0
13035730,0.0
12019977,0.0
11100651,0.0
11039609,0.0
11051141,0.0
12007466,0.0
11006983,0.0
11025863,0.0
13011752,0.0
12020639,0.0
13025217,0.0
13056093,0.0
12028560,0.0
13043521,0.0
12020704,0.0
13042321,0.0
13033220,0.0
12024246,0.0
13041617,0.0
12004580,0.0
12024305,0.0
13058120,0.0
12015924,0.0
13049158,0.0
13049640,0.0
11040275,0.0
13064800,0.0
13051577,0.0
12009204,0.0
13034938,0.0
13018911,0.0
11047369,0.0
12028707,0.0
11007803,0.0
13003407,0.0
12009029,0.0
11100783,0.0
13058746,0.0
13025060,0.0
13040115,0.0
14016670,0.0
14039183,0.0
11045624,0.0
12020970,0.0
11039127,0.0
12019759,0.0
14013109,0.0
12025191,0.0
12012479,0.0
12005145,0.0
13026087,0.0
13009876,0.0
12013243,0.0
12025179,0.0
12004349,0.0
12013032,0.0
13101684,0.0
11040034,0.0
13018540,0.0
13033763,0.0
14039651,0.0
12020323,0.0
11044555,0.0
11039297,0.0
13055460,0.0
11045856,0.0
13035899,0.0
13012173,0.0
13019136,0.0
13026783,0.0
13017297,0.0
11100402,0.0
13034092,0.0
13035921,0.0
11050713,0.0
12004413,0.0
12028303,0.0
13036116,0.0
14012977,0.0
14023747,0.0
13051177,0.0
11045892,0.0
11045200,0.0
12020074,0.0
11052945,0.0
12016007,0.0
11020260,0.0
12004718,0.0
11052261,0.0
11026375,0.0
11027930,0.0
13033574,0.0
14023051,0.0
14013845,0.0
13005478,0.0
11044005,0.0
14100335,0.0
11027862,0.0
12012516,0.0
13049583,0.0
12016018,0.0
12008443,0.0
13041849,0.0
13051068,0.0
13044147,0.0
13025531,0.0
14006367,0.0
12023606,0.0
13018015,0.0
11051733,0.0
13017893,0.0
14022815,0.0
13101997,0.0
12016305,0.0
11024959,0.0
12021068,0.0
12009396,0.0
14013542,0.0
13063516,0.0
12025209,0.0
11012866,0.0
12024312,0.0
12016919,0.0
13035723,0.0
13036633,0.0
13025570,0.0
11044046,0.0
12100580,0.0
13042955,0.0
14022958,0.0
13039568,0.0
12028967,0.0
14011849,0.0
12025594,0.0
12007558,0.0
13028726,0.0
11039114,0.0
13035176,0.0
12007835,0.0
11047639,0.0
13035322,0.0
13033872,0.0
12029391,0.0
13027414,0.0
13019122,0.0
12024666,0.0
13017910,0.0
12016346,0.0
14013673,0.0
12016725,0.0
12008840,0.0
13049384,0.0
14017554,0.0
11033355,0.0
12020795,0.0
12020411,0.0
13026034,0.0
11008124,0.0
13012923,0.0
13011173,0.0
13027512,0.0
13027506,0.0
14039546,0.0
12008819,0.0
12019453,0.0
13036529,0.0
12024401,0.0
12005807,0.0
11050874,0.0
12025366,0.0
13009874,0.0
11045172,0.0
13019733,0.0
13032167,0.0
13005291,0.0
14024236,0.0
12023720,0.0
13017070,0.0
13041788,0.0
13004618,0.0
11033821,0.0
14017734,0.0
13058149,0.0
13064585,0.0
